"image","title","price","location_info","description","coordinates"
"https://scontent.famd5-4.fna.fbcdn.net/v/t39.30808-6/387048636_10167907216165005_8251521689959193976_n.jpg?stp=dst-jpg_s960x960_tt6&_nc_cat=111&ccb=1-7&_nc_sid=946e27&_nc_ohc=S4LZ1Hq710QQ7kNvgEE5mHS&_nc_zt=23&_nc_ht=scontent.famd5-4.fna&_nc_gid=AsMjKJ9hd60tLmtBNLK7KRR&oh=00_AYAZmFq3haU12kLvjQpYn9-0ZkdOXSzPNinkZIJ4oNRzjA&oe=67706E70","2 Beds 1.5 Baths - Townhouse","$1,850/month","[{""location"":""Plainville, CT"",""sq_feet"":null,""pet_friendly"":false,""listed_on"":""Listed over a week ago "",""available_on"":"" Available now""}]","Beautiful 2 Bedroom 1 Bath Condo available for rent starting December 1st for $1,850 in Plainville CT. Nicely maintained & Freshly painted private unit located in private community. Unit comes fully applianced with fridge, stove, and dishwasher. Condo also has a private deck. Condo has Central air conditioning and laminate flooring throughout condo. Unit has 2-bay garage with plenty of storage space. The unit also has a short walk to the downtown area with access to all major interstates and with numerous restaurants and businesses in the area. Tenant pays electric, gas heat & hot water. No smoking or pets. 1st month's rent and 2 month security deposit to move-in. All showings by appointment only73 Broad St, Plainville, CT [hidden information], United States","41.66805,-72.86821"
"https://scontent.famd5-3.fna.fbcdn.net/v/t45.5328-4/469755784_575461245097483_7428765446407280450_n.jpg?stp=dst-jpg_p720x720_tt6&_nc_cat=102&ccb=1-7&_nc_sid=247b10&_nc_ohc=HowHR5zbdSoQ7kNvgHcxSy3&_nc_zt=23&_nc_ht=scontent.famd5-3.fna&_nc_gid=Ar7s7V8PhSe47WfFW8BRAwu&oh=00_AYDX9f8VbwIkARdHFnm6mUv-Y4aHaqR1k1xcuALNC6ROKQ&oe=6770662A","2 Beds 1.5 Baths Apartment","$1,800/month","[{""location"":""1380 East St, New Britain, CT"",""sq_feet"":null,""pet_friendly"":true,""listed_on"":""Listed over a week ago "",""available_on"":"" Available now""}]","About Nakhal Properties:Located in the heart of New Britain! Nakhal Realty offers an exceptional lifestyle with amenities at your disposal that range from dramatic nine-foot ceilings to professional management and maintenance teams - and everything in between. The condos in Nakhal Realty are unparalleled with any other in New Britain. - Brand new kitchens. - Stainless steel appliances. - Granite countertops. - Fully tiled bathrooms. - Off-street parking. - W/D conveniently located on each floor. Pet Friendly!- Hi-tech security system on the property. Beautifully renovated condos! Conveniently located off Route 9 at Exit 29, Brookside condos is located only minutes from Downtown Hartford, West Hartford, Farmington and Middletown. Easy access to CT FastTrack which is located only steps away from your front door. Making your commute to and from work/school easier. We are a quick drive to local restaurants, grocery stores, banks, Westfarms Mall, CCSU campus, hospital, and large employers. Including Aetna, ESPN, Stanley Black & Decker, Newington VA, Travelers, UConn Health Center, Jackson Laboratory, Hartford Insurance, GE, United Technologies and many more!","41.6901,-72.76031"
"https://scontent.famd5-2.fna.fbcdn.net/v/t39.30808-6/462194207_122175094382116436_795160755686948389_n.jpg?stp=dst-jpg_s960x960_tt6&_nc_cat=105&ccb=1-7&_nc_sid=454cf4&_nc_ohc=En_v6fz_C-kQ7kNvgGgouNi&_nc_zt=23&_nc_ht=scontent.famd5-2.fna&_nc_gid=Afn4DSVErmRip7JRCAJgI4L&oh=00_AYD3vt3YVsZFMP9hJ2yC8imtngSXJ53cik0Gaqnugh4FBg&oe=677070E9","1 Bed 1 Bath - Apartment","$800/month","[{""location"":""New Britain, CT"",""sq_feet"":null,""pet_friendly"":false,""listed_on"":""Listed over a week ago "",""available_on"":"" Available now""}]","I looking people to share apartment  apartment 412 basst  st New Britain  ","41.6733334683,-72.7877521372"
"https://video.famd5-3.fna.fbcdn.net/o1/v/t2/f2/m69/AQM7etdSP0RsqDbAqvbbV2nT6uIgZGuQ84lhYOwpXv2pDN7nt1LOYzlD32BGdeiBVPXPsfqs2CxmYIzmjBsifsQy.mp4?efg=eyJ4cHZfYXNzZXRfaWQiOjU3Mjk5MDY0OTAzMTMxOCwidmVuY29kZV90YWciOiJ4cHZfcHJvZ3Jlc3NpdmUuRkFDRUJPT0suLkMzLjcyMC5kYXNoX2gyNjQtYmFzaWMtZ2VuMl83MjBwIn0&_nc_ht=video.famd5-3.fna.fbcdn.net&_nc_cat=110&strext=1&vs=c11c01281c36309e&_nc_vs=HBksFQIYOnBhc3N0aHJvdWdoX2V2ZXJzdG9yZS9HRTB4RlJ4NzhLWTRCdUVHQUxJZDJaYjYtNmRzYm1kakFBQUYVAALIAQAVAhg6cGFzc3Rocm91Z2hfZXZlcnN0b3JlL0dQYkpFaHllYmRHa1B1c0VBRjZnZnZGekJFOGRickZxQUFBRhUCAsgBACgAGAAbAogHdXNlX29pbAExEnByb2dyZXNzaXZlX3JlY2lwZQExFQAAJqzqwoG5yIQCFQIoAkMzLBdAGAAAAAAAABgZZGFzaF9oMjY0LWJhc2ljLWdlbjJfNzIwcBEAdQIA&ccb=9-4&oh=00_AYCgLFcQ1DoBnaGnkUnkkePCsTaCk_LgtdnHEzcyWgvC4A&oe=676C7B15&_nc_sid=1d576d","Private room for rent","$500/month","[{""location"":""Southington, CT"",""sq_feet"":null,""pet_friendly"":false,""listed_on"":""Listed about a day ago "",""available_on"":"" Available now""}]","Space in a one bedroom apartment available for rent weekly or monthly rent everything included. ","41.6160392,-72.86774067"
"https://scontent.famd5-1.fna.fbcdn.net/v/t39.30808-6/467705362_2743438279163250_8817337779717188655_n.jpg?_nc_cat=108&ccb=1-7&_nc_sid=454cf4&_nc_ohc=UlQgPBZpeBAQ7kNvgGGFmc5&_nc_zt=23&_nc_ht=scontent.famd5-1.fna&_nc_gid=AeGGkpMDutpzdO7Ss4o0BYk&oh=00_AYDZ8FVVnFnIthdoxXzkKd9wH8Y37gkv9u7SkFjJZTMvyw&oe=67708503","Townhouse for rent","$900/month","[{""location"":""New Britain, CT"",""sq_feet"":null,""pet_friendly"":false,""listed_on"":""Listed over a week ago"",""available_on"":null}]","One bedroom apartment for rent, bright and clean. Located on the 3rd Floor, excellent location close to Walnut Hill Park and many more attractions pet friendly Rent:$900/Mo1bed 1bath 2,394sqft19 Emmons Pl #B, New Britain, CT 06052","41.657293899917,-72.804431603226"
"https://scontent.famd5-1.fna.fbcdn.net/v/t39.30808-6/471103456_8837869452997620_7740647110637945993_n.jpg?stp=dst-jpg_s960x960_tt6&_nc_cat=109&ccb=1-7&_nc_sid=454cf4&_nc_ohc=EDC3oau9DowQ7kNvgHh4BLq&_nc_zt=23&_nc_ht=scontent.famd5-1.fna&_nc_gid=A_quFXTznf7q6tlQmiUKjoC&oh=00_AYD-wWG_8oHAyXwzfzlXQB3E4Sa7eZhF4d8owaMO_E22ow&oe=677075FA","3 habitaciones 1 baño - Apartamento","$1,800/month","[{""location"":""321 Broad St, New Britain, CT"",""sq_feet"":null,""pet_friendly"":true,""listed_on"":""Listed 3 days ago "",""available_on"":"" Available now""}]","Un apartamento renovado con 3 cuartos Biles no es incluido no parqueo.Pueden vivir hasta 10 personas no problema.Area buena ","41.67301,-72.79547"
"https://scontent.famd5-1.fna.fbcdn.net/v/t1.6435-9/71903214_10157494564409174_1572095911671103488_n.jpg?stp=dst-jpg_s960x960_tt6&_nc_cat=101&ccb=1-7&_nc_sid=946e27&_nc_ohc=6qTKL7oB5DoQ7kNvgHKcPxL&_nc_zt=23&_nc_ht=scontent.famd5-1.fna&_nc_gid=AEKRSW0XQ-QmH4cOIRZhe0c&oh=00_AYD4jKbhWNqPJMChK6AcIi7dl6_Fwp35xPDisG3rxfhZYw&oe=6791F15A","2 Beds 1.5 Baths - Townhouse","$2,100/month","[{""location"":""Newington, CT"",""sq_feet"":""1800 square feet"",""pet_friendly"":true,""listed_on"":""Listed over a week ago "",""available_on"":"" Available now""}]","AVAILABLE NOW in NewingtonLots of natural light, very spacious corner unit, high ceiling in the basement (1248 sqft of living area plus 600 sqft of basement for multi-purpose)Include 2 assigned parking spaces, tennis court, basketball court, swimming pool and a kiddie pool.  HOA will do the walkway and parking lot snow removing.Family/kids/pets friendly, walking trail, grocery stores within walking distance.Hot water and HOA fees included in rent.Utilities (i.e. electric, gas, internet, etc.) NOT included in rent.Accept small dog. Pet fee/rent TBD.","41.67919,-72.70558"
"https://scontent.famd5-1.fna.fbcdn.net/v/t39.30808-6/465084112_9695688373781351_6073362983907983519_n.jpg?stp=dst-jpg_s960x960_tt6&_nc_cat=109&ccb=1-7&_nc_sid=454cf4&_nc_ohc=1GUoYLn_7OQQ7kNvgHbLa3n&_nc_zt=23&_nc_ht=scontent.famd5-1.fna&_nc_gid=AI603j_R47qUnI7XUU6yFDw&oh=00_AYBCa9E5ciN3IUb0-YJ3VH8Tkr0ffB08N9KEKQPSx3Fmtg&oe=67705A23","3 Beds 1 Bath - House","$2,300/month","[{""location"":""New Britain, CT"",""sq_feet"":null,""pet_friendly"":false,""listed_on"":""Listed over a week ago"",""available_on"":null}]","Very private ranch plus over three car garage plus huge driveway, no section 8, Note: Proof of income","41.668399641991,-72.782267326948"
"https://scontent.famd5-1.fna.fbcdn.net/v/t45.5328-4/460948568_3291481950983292_748526701944371462_n.jpg?_nc_cat=108&ccb=1-7&_nc_sid=247b10&_nc_ohc=dYafnKmc1N8Q7kNvgEKZYLe&_nc_zt=23&_nc_ht=scontent.famd5-1.fna&_nc_gid=ACjg2cJkzc8RKg1KLSOBOMD&oh=00_AYBRFb2GTBwJ-i5-IChvKnXK-btuo91wKB-4Yx2e_nXBPg&oe=677056EF","2 Beds 1 Bath Apartment","$1,650/month","[{""location"":""1570 Willard Ave, Newington, CT"",""sq_feet"":""900 square feet"",""pet_friendly"":true,""listed_on"":""Listed over a week ago "",""available_on"":"" Available now""}]","Bradford Commons apartments in Newington, CT, are conveniently located near I-91, US-5, and I-84. Our Bradford Commons apartments are just minutes from downtown Hartford, and close to Churchill Park. Bradford Commons apartments come in one- and two-bedroom apartments. Come see everything our Bradford Commons apartments have to offer!2BR also available","41.66828,-72.72746"
"https://scontent.famd5-3.fna.fbcdn.net/v/t39.30808-6/465149346_4105196149714420_2544966991415492493_n.jpg?stp=dst-jpg_s960x960_tt6&_nc_cat=102&ccb=1-7&_nc_sid=454cf4&_nc_ohc=-EkLpzWVJF0Q7kNvgGHhX-3&_nc_zt=23&_nc_ht=scontent.famd5-3.fna&_nc_gid=AI-PzjRgDPr0CVo7nZvpNop&oh=00_AYBTa3rOVI0xZfBrJ59TBs8WkhyxSlssBglofHgRII2LEA&oe=67708371","Private room for rent","$700/month","[{""location"":""New Britain, CT"",""sq_feet"":null,""pet_friendly"":false,""listed_on"":""Listed over a week ago "",""available_on"":"" Available on 2025/01/31""}]","1 private, unfurnished bedroom with lockable door, small storage closet and other areas to store. Front door and back door entry. The landlord lives downstairs, no pets, couples, kids, or smoking. Close to CCSU and a bus line is like two feet from the house. 700 for rent split electric and Internet (80-100 dollars), free heat and hot water, plenty of parking. I am looking for a quiet, friendly (18+) student or working adult to move into space posted for Feb 2nd, taking over half the lease from the last roommate. Shared living spaces: living room, kitchen, bathroom. No laundry in the unit. I prefer females/enby/queer folks. Must have good credit, background, and appropriate income. Ask any questions","41.68627,-72.75807"
"https://scontent.famd5-2.fna.fbcdn.net/v/t39.30808-6/470138287_10228168971516246_8084788750967841619_n.jpg?stp=dst-jpg_s960x960_tt6&_nc_cat=104&ccb=1-7&_nc_sid=454cf4&_nc_ohc=8t2JL1plx-IQ7kNvgEfKBMT&_nc_zt=23&_nc_ht=scontent.famd5-2.fna&_nc_gid=AbwV1MSjqgo6kxnqb12nbWN&oh=00_AYD6wwQKAavU9lntPNpRjUegFHs-wRiHPqL1K8nB9j0o-w&oe=677083B8","1 Bed 1 Bath - Apartment","$1,150/month","[{""location"":""56 Wilcox St, New Britain, CT"",""sq_feet"":null,""pet_friendly"":false,""listed_on"":""Listed over a week ago "",""available_on"":"" Available on 2025/01/01""}]","1 bedroom on 2nd floor apartment available January 1, 2025 for $1,150 monthly. Rent includes heat, cooking gas and hot water. Tenant pays electric, laundry in the building, one parking space. No pets allowed. No smoking. One year lease. Income, credit and background  verification, min credit score of 640. 2 months of security deposit, plus first month of rent to move in. ","41.67864,-72.77725"
"https://scontent.famd5-2.fna.fbcdn.net/v/t39.30808-6/470227334_9391190517558440_6773225274595937069_n.jpg?stp=dst-jpg_s960x960_tt6&_nc_cat=105&ccb=1-7&_nc_sid=454cf4&_nc_ohc=1bcKFYDopdMQ7kNvgE_36Gv&_nc_zt=23&_nc_ht=scontent.famd5-2.fna&_nc_gid=AQBdszr4_Wygs70r14whpFd&oh=00_AYC-6jAI46EQB-x76Sfy5-58-bEx6rhhPDHDeNAvvHNjKw&oe=67706AA4","2 Beds 2 Baths - Townhouse","$1,800/month","[{""location"":""30 New Hampshire Dr, New Britain, CT"",""sq_feet"":null,""pet_friendly"":false,""listed_on"":""Listed 6 days ago "",""available_on"":"" Available now""}]","Beautiful two-bedroom townhouse is freshly painted, newer kitchen cabinets with shiny Stainley steel appliances. Available for immediate occupancy. Minimum 675 credit score required. First month's rent and two months security deposit needed. Washer and dryer available in the basement. Fully unfinished basement available as an extra storage. All utilities are the tenant responsibility. Small pets are allowed.","41.66203,-72.80875"
"https://scontent.famd5-1.fna.fbcdn.net/v/t39.30808-6/471148617_2962626010545480_8262476590155498535_n.jpg?stp=dst-jpg_s960x960_tt6&_nc_cat=109&ccb=1-7&_nc_sid=454cf4&_nc_ohc=42q_IZHgiF8Q7kNvgHi1SkE&_nc_zt=23&_nc_ht=scontent.famd5-1.fna&_nc_gid=AI6BB-ADzK5a4P0jkMWiIvw&oh=00_AYCdS9hr2LX09S7Y2jcA-sg20rlNnH8jIxgayTcZ1wnTZw&oe=67707AD1","1 Bed 1 Bath - Apartment","$1,500/month","[{""location"":""56 Wilson Ave, Newington, CT"",""sq_feet"":null,""pet_friendly"":false,""listed_on"":""Listed over a week ago"",""available_on"":null}]","1 Bed 1 Bath - Apartment56 Wilson Ave, Newington, CT [hidden information], United StatesNewington 56-58 Wilson Avenue1st floor 1 Bedroom 1 Bath Lg closets in 2 Family home that is Washer/Dryer ea unit in bsmt, Convenient to Bus routes,Highways,Restaurants,Shops,Golf, Park, Large yard,off street parking NO SMOKING Would consider small dog1 month rent/1 month security References, Recent (30 days)credit report brought by tenants at their expense $1500.MO no utilities incl","41.69049,-72.72482"
"https://scontent.famd5-3.fna.fbcdn.net/v/t39.30808-6/470883922_10227484363762479_6718525492729989462_n.jpg?stp=dst-jpg_s960x960_tt6&_nc_cat=107&ccb=1-7&_nc_sid=946e27&_nc_ohc=SA3hjW-3Ck0Q7kNvgH6Y-E_&_nc_zt=23&_nc_ht=scontent.famd5-3.fna&_nc_gid=AQw58cOKI3T3GZPrVYXGhIb&oh=00_AYAQ4zitc0i8Ooe_z34Ji8a3_n4SP4LCAsYkoRKF7x_fjQ&oe=67707872","1 Bed 4 Baths - Apartment","$700/month","[{""location"":""New Britain, CT"",""sq_feet"":null,""pet_friendly"":false,""listed_on"":""Listed 6 days ago"",""available_on"":null}]","Tengo varios cuartos grandes disponibles para rentar en una casa. Varios precios de 700-1200 por mes, dependiendo del cuarto. La renta incluye, los billes y internet. La casa esta localizada en Hartford, en la New Britain Ave. Es Mes a mes. Mas un deposito de un mesNo hay laundry","41.671135604829,-72.779661891879"
"https://scontent.famd5-4.fna.fbcdn.net/v/t39.30808-6/465917201_10229797792902023_4689786445054233431_n.jpg?stp=dst-jpg_s960x960_tt6&_nc_cat=111&ccb=1-7&_nc_sid=454cf4&_nc_ohc=4QfpIAhuRVkQ7kNvgF6TtzB&_nc_zt=23&_nc_ht=scontent.famd5-4.fna&_nc_gid=AencQzNd4MPAfwB19B8ln8J&oh=00_AYBEZTd4Ue6_dTpgs_OOzXeDv4fujiGXO7pJCHUhMKanqw&oe=67706126","1 Bed 1 Bath - Apartment","$1,550/month","[]","Beautiful apartment New apliance 1550 $washer and dryer in the bld and first month half rent free ","41.66591,-72.78203"
"https://scontent.famd5-4.fna.fbcdn.net/v/t39.30808-6/466128476_10229875966056303_4089517366859997404_n.jpg?stp=dst-jpg_s960x960_tt6&_nc_cat=110&ccb=1-7&_nc_sid=454cf4&_nc_ohc=OCxFX-922YAQ7kNvgHETL3a&_nc_zt=23&_nc_ht=scontent.famd5-4.fna&_nc_gid=AQT7pGCUXMH0MkHghDsB6wl&oh=00_AYBi39P9DfmAH5ktSRIX5Z1X5TFdelGj243juzYD772a3Q&oe=677061BA","2 Beds 1 Bath - Apartment","$1,700/month","[{""location"":""130 Clinic Dr, New Britain, CT"",""sq_feet"":null,""pet_friendly"":true,""listed_on"":""Listed over a week ago "",""available_on"":"" Available now""}]","Nice two bed apartment heat and hot water included parking available washer and dryer machine  ","41.64888,-72.78333"
"https://video.famd5-3.fna.fbcdn.net/o1/v/t2/f2/m69/AQPS5h_MS-lPUebrkktWZkZLN0jbUEXV5Oa2Dles0YsjfanVzRBvRb5R1CndHwgCllK1a3tSH7dsP5j7TGCks2ZK.mp4?efg=eyJ4cHZfYXNzZXRfaWQiOjQ4NTYzMjk0MDQ1OTE0ODMsInZlbmNvZGVfdGFnIjoieHB2X3Byb2dyZXNzaXZlLkZBQ0VCT09LLi5DMy40ODAuZGFzaF9oMjY0LWJhc2ljLWdlbjJfNzIwcCJ9&_nc_ht=video.famd5-3.fna.fbcdn.net&_nc_cat=100&strext=1&vs=ca4a3138f66c7c8e&_nc_vs=HBksFQIYOnBhc3N0aHJvdWdoX2V2ZXJzdG9yZS9HSEtFN0J2cVMwTnF2TXNmQU9ZNUdISU5BTGxJYm1kakFBQUYVAALIAQAVAhg6cGFzc3Rocm91Z2hfZXZlcnN0b3JlL0dQWjE2eHNySElZQmgtVUVBTlZ4RHBTV0k1NHZickZxQUFBRhUCAsgBACgAGAAbAogHdXNlX29pbAExEnByb2dyZXNzaXZlX3JlY2lwZQExFQAAJva1ldHJs6ARFQIoAkMzLBdASAQ5WBBiThgZZGFzaF9oMjY0LWJhc2ljLWdlbjJfNzIwcBEAdQIA&ccb=9-4&oh=00_AYBtPSAVxVz4eijjs0FFGUneVYU5mXSe2_7GKl1D16zZwg&oe=676C7AFF&_nc_sid=1d576d","1 Bed 1 Bath - Apartment","$1,380/month","[{""location"":""267 Main St, New Britain, CT"",""sq_feet"":null,""pet_friendly"":true,""listed_on"":""Listed over a week ago "",""available_on"":"" Available now""}]","New apartment in downtown new britan studio , one bed apartment, two bed apartment gym  ","41.66797,-72.78145"
"https://scontent.famd5-1.fna.fbcdn.net/v/t45.5328-4/375261159_24615702684695730_406534502550770422_n.jpg?stp=dst-jpg_p720x720_tt6&_nc_cat=101&ccb=1-7&_nc_sid=247b10&_nc_ohc=d8MerDrJzvwQ7kNvgF_eH1Q&_nc_zt=23&_nc_ht=scontent.famd5-1.fna&_nc_gid=A1hwm9HuR2FXA_fIgtZ9SwB&oh=00_AYB8OGks0nOKTOTN8XvP3lIOYeypWFXngZ5IV8ghvh0-aw&oe=67706CAF","1 Bed 1 Bath - Apartment","$1,250/month","[{""location"":""New Britain, CT"",""sq_feet"":null,""pet_friendly"":false,""listed_on"":""Listed over a week ago"",""available_on"":null}]","ALL utilities included in the rental cost: central air/heat, internet, water. Apartment has a private entrance with alarm. Furnished bedroom and living room with a small kitchenette; bathroom with bathtub/shower. Very nice and quiet area; Close to highways and stores. Preferably for one person with stable income, no pets. Available now.","41.65,-72.7954"
"https://scontent.famd5-1.fna.fbcdn.net/v/t45.5328-4/464689454_1086777049504797_1117167255023933623_n.jpg?stp=dst-jpg_p720x720_tt6&_nc_cat=109&ccb=1-7&_nc_sid=247b10&_nc_ohc=_yZ4RoC7_f4Q7kNvgGly-9e&_nc_zt=23&_nc_ht=scontent.famd5-1.fna&_nc_gid=Akhzp7PRTLzJKhG67a0v3wE&oh=00_AYAoiyIduQ7vDpzeh4lrCn39cAOt5b2PESatETdqzbb7NA&oe=677063C8","2 Beds 1 Bath Apartment/condo","$1,500/month","[{""location"":""Columbia St, New Britain, CT"",""sq_feet"":null,""pet_friendly"":false,""listed_on"":""Listed over a week ago "",""available_on"":"" Available now""}]","2-Bedroom Apartment with Private Balcony - Move-In Ready! This spacious second-floor apartment is ready for you! It features two bedrooms, a kitchen with granite countertops and a large pantry, and a front balcony perfect for relaxing any time of day. The unit is freshly cleaned and move-in ready. Additional perks include one parking spot in the back and access to a shared backyard. Good credit is required, and a credit and background check will be conducted.","41.65769,-72.78846"
"https://scontent.famd5-2.fna.fbcdn.net/v/t39.30808-6/471273342_10228235162450978_274992684155217703_n.jpg?stp=dst-jpg_s960x960_tt6&_nc_cat=100&ccb=1-7&_nc_sid=454cf4&_nc_ohc=Mo19MbuIHesQ7kNvgGhlfMs&_nc_zt=23&_nc_ht=scontent.famd5-2.fna&_nc_gid=Ave6XiY9xx7hbklvvjZs2V0&oh=00_AYADLsHp-1ZRwqk3BEGVvfUBRu8bss39xK0lSzhXxQGj-w&oe=677064A1","3 Beds 1 Bath - Apartment","$1,200/month","[{""location"":""542 Arch St, New Britain, CT"",""sq_feet"":null,""pet_friendly"":false,""listed_on"":""Listed 20 hours ago "",""available_on"":"" Available on 2025/01/01""}]","Commercial/office/apartment 3 rooms, bathroom, large open front space with full kitchen. Tile flooring, AC, laundry and storage in the basement. Available immediately ￼Please contact for more details. ","41.65817,-72.78325"
"https://scontent.famd5-3.fna.fbcdn.net/v/t39.30808-6/464873552_10224930326833017_4573473709474662410_n.jpg?stp=dst-jpg_s960x960_tt6&_nc_cat=107&ccb=1-7&_nc_sid=454cf4&_nc_ohc=KXiQGOIiqhkQ7kNvgEJmOMn&_nc_zt=23&_nc_ht=scontent.famd5-3.fna&_nc_gid=AoIZzpKf-s3pWKhbktUn0_a&oh=00_AYDLEb4bN_ItFhZz8OIaW7mcLjkQa60eacvwTJ56zyx2sA&oe=677079D7","3 Beds 1 Bath - House","$2,100/month","[{""location"":""New Britain, CT"",""sq_feet"":null,""pet_friendly"":false,""listed_on"":""Listed over a week ago "",""available_on"":"" Available now""}]","Beautiful 3 bds w/ 1bath. Immediately you will enjoy a sunroom with patio and fully renovated unit. Call us now to schedule a showing!  [hidden information]","41.65417,-72.77815"
"https://scontent.famd5-3.fna.fbcdn.net/v/t45.5328-4/464765159_1344415903198227_4319393947652290396_n.jpg?stp=dst-jpg_p720x720_tt6&_nc_cat=106&ccb=1-7&_nc_sid=247b10&_nc_ohc=YvB7REiVnEQQ7kNvgGNLVUC&_nc_zt=23&_nc_ht=scontent.famd5-3.fna&_nc_gid=A_0_u_cUz12Hh6ONiWPAGwb&oh=00_AYCZfjBrfhxwWEXZYntU8giCUPOabzD3ueWd0qwjcGdpqA&oe=67705174","2 Beds 1 Bath Apartment/condo","$1,400/month","[{""location"":""Vance St, New Britain, CT"",""sq_feet"":null,""pet_friendly"":false,""listed_on"":""Listed over a week ago "",""available_on"":"" Available now""}]","Welcome to this freshly painted, third-floor two-bedroom apartment in New Britain, CT! With an open floor plan, natural lighting, and hardwood floors, this home is designed for comfort and style. The kitchen has brand-new granite countertops and kitchen sink, while the large bathroom includes a double sink for added convenience. Off-street parking, basement washer/dryer hookups. Ready to move-in! Good credit required; must pass credit and background check. Schedule your tour today and make this inviting space your new home!","41.65665,-72.79246"
"https://scontent.famd5-1.fna.fbcdn.net/v/t39.30808-6/456331845_4636847159873839_8391396699417000158_n.jpg?stp=dst-jpg_s960x960_tt6&_nc_cat=109&ccb=1-7&_nc_sid=454cf4&_nc_ohc=ZgJ92rerglsQ7kNvgHOHSEE&_nc_zt=23&_nc_ht=scontent.famd5-1.fna&_nc_gid=AR29xsOZWJSzAGLQpGDuqHG&oh=00_AYATbCWy_tGWpyiqwwe5tue-BCI_Xw-lYxmITz9UZcLUwg&oe=67707403","Studio 1 Bath - Apartment","$3,000/month","[{""location"":""New Britain, CT"",""sq_feet"":null,""pet_friendly"":false,""listed_on"":""Listed over a week ago "",""available_on"":"" Available now""}]","This is not an apartment it is a shop space only! 1400 sf shop space for rent. Minimum 1 year lease required brand new space with lav access plus additional 150 sf office space. Shop has 16 ft ceilings with a 14x14 power overhead door, high-bay LED lights and radiant heat. Tenant responsible for electric, owner included heat and water. Unit comes with 2 outdoor parking spots. Located near CCSU with easy access to all major highways, quiet and secure location. Property is fenced and under 24/7 video surveillance. 2 months security required and no detail shop or any kind of auto related work. High speed fiber internet already installed.","41.671135604829,-72.779661891879"
"https://scontent.famd5-3.fna.fbcdn.net/v/t45.5328-4/462242194_1744668546281097_220704116604178998_n.jpg?stp=dst-jpg_p720x720_tt6&_nc_cat=103&ccb=1-7&_nc_sid=247b10&_nc_ohc=zdwMox1FKfMQ7kNvgFCCCah&_nc_zt=23&_nc_ht=scontent.famd5-3.fna&_nc_gid=AiCz6_xbF50fuwB3RYTjfW6&oh=00_AYCvC4bcaucfUfwiMEE2vmunDTGW5i_zuRnzPgRo1dd48Q&oe=67705AEE","3 Beds 1 Bath Apartment","$1,850/month","[{""location"":""New Britain, CT"",""sq_feet"":""800 square feet"",""pet_friendly"":false,""listed_on"":""Listed over a week ago"",""available_on"":null}]","This beautiful 3 bedroom and 1 bath is ready to call your next home. The fully renovated until has a 3rd bedroom as its master bedroom off of the living room with a double door closet. The 2 bedrooms is off the kitchen with plenty of closet space for each and is separated by a brand new renovated bathroom. Off the kitchen is a walk in pantry to store all of your dry goods so you do not have to worry about lack of cabinets. Through out the unit, you'll walk through natural light and onto the original hard floor. All interests must apply online before setting a viewing. Requirements: No criminal / felony No evictions Must have a credit score of 660 +Must provide current landlord and supervisor referral letter Copy of 2023 tax return or 3 months paystubsRenter responsible for utilities. One (1) year lease. Two (2) month's security deposit down to hold the unit. One (1) month due at signing. No smoking. Street parking. Washer/dryer hookup in building.If this interest you please apply through the following link and feel free to message me with any questions.https://www.zillow.com/homedetails/36-Olive-St-3-New-Britain-CT-06051/2095988838_zpid/?utm_campaign=iosappmessage&utm_medium=referral&utm_source=txtshare","41.67263,-72.76862"
"https://scontent.famd5-4.fna.fbcdn.net/v/t39.30808-6/467021858_10226855662597205_590057389895206091_n.jpg?stp=dst-jpg_s960x960_tt6&_nc_cat=110&ccb=1-7&_nc_sid=454cf4&_nc_ohc=ErUmTlC4zs0Q7kNvgFL1J1f&_nc_zt=23&_nc_ht=scontent.famd5-4.fna&_nc_gid=AnGxCFS-TxjQen7HXdpb3KH&oh=00_AYArRT9vCUs6lM1ovlCnT7QxXX16GPCSGH91oAfrvI-nGg&oe=6770712E","1 Bed 1 Bath - Apartment","$1,450/month","[{""location"":""Newington, CT"",""sq_feet"":null,""pet_friendly"":false,""listed_on"":""Listed over a week ago"",""available_on"":null}]","Cozy One bedroom apartment on first floor in 2 family home near the heart of Newington, walking distance to Mill pond. The comfort of the suburbs on a private property with a yard with the convenience of being located in short distance to the Berlin tpke and any major highway. Off street parking. Gas heat with washer dryer located in the basement $1450 monthly rent smaller pets 30 pounds and under considered no smoking no utilities included, coming available in December","41.69049,-72.72482"
"https://scontent.famd5-1.fna.fbcdn.net/v/t39.30808-6/469484825_10101139638447809_4640445208587334710_n.jpg?stp=dst-jpg_s960x960_tt6&_nc_cat=101&ccb=1-7&_nc_sid=454cf4&_nc_ohc=bYZVQtVAXjgQ7kNvgHcoVt4&_nc_zt=23&_nc_ht=scontent.famd5-1.fna&_nc_gid=AzHwmK60Sp50YOWUSe0WdGi&oh=00_AYDOSNA0uNOXEfjogNR0VhbXbBJdJi7Yn0k96ehrm8QEog&oe=67707FA9","2 Beds 1.5 Baths - Apartment","$1,500/month","[{""location"":""Constance Ln, Bristol, CT"",""sq_feet"":null,""pet_friendly"":false,""listed_on"":""Listed over a week ago "",""available_on"":"" Available on 2025/02/01""}]","2 bedroom 1.5 bath completely remodeled for rent starting February 1st 2025. All new paint, vinyl flooring, carpet, toilets, vanities, lighting, bathtub, dishwasher, and kitchen cabinets. The countertop is back ordered for a few weeks which is why the start date is Feb 1st. Quiet neighborhood. Water is included in rent. Gas and electric are paid by renter. 2 parking spaces in lot. No central AC. Full unfinished basement with washer and dryer hookups. No smoking. No pets. ","41.68556,-72.89187"
"https://scontent.famd5-4.fna.fbcdn.net/v/t39.30808-6/469099507_553433297657592_3640679973488389855_n.jpg?stp=dst-jpg_s960x960_tt6&_nc_cat=111&ccb=1-7&_nc_sid=454cf4&_nc_ohc=txIpB8WGLEYQ7kNvgHspgvZ&_nc_zt=23&_nc_ht=scontent.famd5-4.fna&_nc_gid=AUSn2GTMwRqV2TTSTRGMHxw&oh=00_AYD5TxajURYozSbXCD-k3JvUHnldJ5M5uq0_egadQhOrgQ&oe=677066A9","1 Bed 1 Bath - Apartment","$1,550/month","[{""location"":""New Britain, CT"",""sq_feet"":null,""pet_friendly"":true,""listed_on"":""Listed over a week ago "",""available_on"":"" Available now""}]","Beautiful apartment in downtown new britan ","41.66591,-72.78203"
"https://scontent.famd5-4.fna.fbcdn.net/v/t45.5328-4/469358492_2098543130602035_319539907600562594_n.jpg?stp=dst-jpg_p720x720_tt6&_nc_cat=110&ccb=1-7&_nc_sid=247b10&_nc_ohc=lTIVfcbieGUQ7kNvgFpBTCY&_nc_zt=23&_nc_ht=scontent.famd5-4.fna&_nc_gid=AdeMHOpAU7ohUYzTTR9Bb7E&oh=00_AYAlQkaZUuzPyhFqdBkIVUD-lGZU9IrZEXuvltycg8Ecpw&oe=677060E3","2 Beds 2 Baths House","$980/month","[{""location"":""Meriline Ave, West Hartford, CT"",""sq_feet"":null,""pet_friendly"":false,""listed_on"":""Listed over a week ago "",""available_on"":"" Available now""}]","Rento habitacion compartiendo cocina y areas comunes llamame para mas informacion[hidden information]","41.72884,-72.7167"
"https://video.famd5-3.fna.fbcdn.net/o1/v/t2/f2/m69/AQOhgTUcomQv7QBVs1ytel3SclO3N73fo7OXdKqjcQebUCouYcBz-GYhK0A7U4elfukFZSeuROpDlMKWiiR86Nbv.mp4?efg=eyJ4cHZfYXNzZXRfaWQiOjc4ODExODIwMzQ1OTkzMCwidmVuY29kZV90YWciOiJ4cHZfcHJvZ3Jlc3NpdmUuRkFDRUJPT0suLkMzLjcyMC5kYXNoX2gyNjQtYmFzaWMtZ2VuMl83MjBwIn0&_nc_ht=video.famd5-3.fna.fbcdn.net&_nc_cat=110&strext=1&vs=68e18ec24081cec5&_nc_vs=HBksFQIYOnBhc3N0aHJvdWdoX2V2ZXJzdG9yZS9HQ0lVLVJzSUFLYUVOamNDQUMwNFZMdG1CazVmYm1kakFBQUYVAALIAQAVAhg6cGFzc3Rocm91Z2hfZXZlcnN0b3JlL0dFTFlBQnhZel9ZeHFhWUVBQUo0SWdpNF9yQm1ickZxQUFBRhUCAsgBACgAGAAbAogHdXNlX29pbAExEnByb2dyZXNzaXZlX3JlY2lwZQExFQAAJrSl95jCsuYCFQIoAkMzLBdAOpmZmZmZmhgZZGFzaF9oMjY0LWJhc2ljLWdlbjJfNzIwcBEAdQIA&ccb=9-4&oh=00_AYBoK6odpVCH-eqOxQCCoS7VV3d1yXzhEfdV4tVbccasng&oe=676C83CD&_nc_sid=1d576d","2 Beds 1 Bath - Apartment","$1,750/month","[{""location"":""New Britain, CT"",""sq_feet"":null,""pet_friendly"":false,""listed_on"":""Listed over a week ago "",""available_on"":"" Available now""}]","Bienvenido a casa en esta unidad del primer piso remodelada meticulosamente en New Britain sin nada que hacer excepto mudarse. Cuenta con 2 habitaciones y 1 baño. Al ingresar, enamórese de la hermosa cocina, la encimera, el protector contra salpicaduras, los pisos y las superficies de color recién pintadas. También tiene una conexión para lavadora y secadora en la unidad para acceder. Está convenientemente ubicado en un vecindario tranquilo cerca de las principales carreteras y autopistas, tiendas, restaurantes y otras atracciones. Programe su visita privada y haga suya esta unidad de alquiler. Verificación de crédito, referencias requeridas, depósito de seguridad de 2 meses, contrato de arrendamiento anual. Los inquilinos son responsables de los servicios públicos, una solicitud de alquiler completa con verificación de antecedentes + 3 recibos de pago recientes son una ventaja. Ingreso mínimo de al menos 2 veces el alquiler mensual. No fumar. No se permiten mascotas.","41.68359,-72.78641"